<RS_VSA_STD_File Timestamp="2018-04-05 14:10:18 UTC">
 <Name>Bluetooth_5_LE2M</Name>
 <Comment>GFSK 0.5, 2MHz symbol rate, 500KHZ DEVIATION</Comment>
 <VersionInfo Version="02.07">
  <Instrument>
   <Type>FSW</Type>
   <Application>VSA</Application>
  </Instrument>
  <Dimensions>
   <NoOfScreens Value="4"/>
   <NoOfAxes Value="3"/>
   <NoOfTraces Value="6"/>
   <NoOfMarkers Value="4"/>
  </Dimensions>
 </VersionInfo>
 <Vsa>
  <MMIOperationScreen Value="0"/>
  <MMIOperationFullScreen Value="Off"/>
 </Vsa>
 <Normalization>
  <CompIQOffset Value="On"/>
  <CompIQImbalance Value="Off"/>
  <CompAmptDroop Value="On"/>
  <TransmitChannel Value="On"/>
  <SymbolRateError Value="Off"/>
  <RefDevCompensation Value="On"/>
  <EvmCalc Value="Mean Ref Power"/>
  <CarrierFrequencyDrift Value="On"/>
  <EqualizerState Value="Off"/>
  <EqualizerMode Value="Normal"/>
  <EqualizerFilterlength Value="10"/>
  <EqualizerName Value=""/>
  <EqualizerPath Value=""/>
 </Normalization>
 <TraceFitting>
  <Reference Value="PATTERN"/>
  <Alignment Value="Left"/>
  <FitOffset Value="-16"/>
  <SymbolAtReference Value="16"/>
 </TraceFitting>
 <Screen Index="0">
  <Active Value="On"/>
  <DisplayViewKey Value="A1"/>
  <MmiOperationMarker Value="0"/>
  <MmiOperationMarkerType Value="None"/>
  <NextPeakMode Value="Absolute"/>
  <MmiOperationtrace Value="0"/>
  <Signal Value="Meas"/>
  <ErrorMeasType Value="NONE"/>
  <Evaluation Value="Frequency"/>
  <AddEvaluation Value="Normal"/>
  <Magnitude Value="Relative"/>
  <PhaseWrap Value="On"/>
  <Frequency Value="Absolute"/>
  <Eye Value="I"/>
  <IQ Value="CONSTELLATION"/>
  <StatisticsNofColumns Value="101"/>
  <SingleValue Value="All"/>
  <TraceReferenceType Value000="Off" Value001="On" Value002="Off" Value003="On" Value004="On" Value005="On" Size="6"/>
  <MarkerModeRealImag Value="REAL"/>
  <SymbolMode Value="HEX"/>
  <ViewWidth Value="50"/>
  <ViewHeight Value="50"/>
  <ViewRemoteIdx Value="0"/>
  <ViewDataWindowKey Value="0"/>
  <MeasSettings Index="0">
   <Highlight Value="Off"/>
   <DisplayPPSMode Value="Auto"/>
   <DisplayPPS Value="4"/>
   <DisplayOversampling Value="Symbols only"/>
  </MeasSettings>
  <Axis Index="0">
   <Type Value="7"/>
   <Start Value="0"/>
   <Stop Value="384"/>
   <RefValue Value="0"/>
   <RefPosition Value="0"/>
   <Range Value="384"/>
   <Unit Value="COUNT_SYMB"/>
  </Axis>
  <Axis Index="1">
   <Type Value="9"/>
   <Start Value="-1.5"/>
   <Stop Value="1.5"/>
   <RefValue Value="0"/>
   <RefPosition Value="50"/>
   <Range Value="3"/>
   <Unit Value="FREQ_HZ"/>
  </Axis>
  <Axis Index="2">
   <Type Value="5"/>
   <Start Value="-250"/>
   <Stop Value="250"/>
   <RefValue Value="250"/>
   <RefPosition Value="100"/>
   <Range Value="500"/>
   <Unit Value="ANGLE_DEG"/>
  </Axis>
  <Trace Index="0" Enabled="on">
   <DisplayMode Value="Clear Write"/>
   <State Value="Updating"/>
   <UpdateMode Value="Clear Write"/>
   <AverageMode Value="Logarithmic"/>
   <Hold Value="Off"/>
  </Trace>
  <Trace Index="1" Enabled="off"/>
  <Trace Index="2" Enabled="off"/>
  <Trace Index="3" Enabled="off"/>
  <Trace Index="4" Enabled="off"/>
  <Trace Index="5" Enabled="off"/>
  <Marker Index="0" Enabled="off"/>
  <Marker Index="1" Enabled="off"/>
  <Marker Index="2" Enabled="off"/>
  <Marker Index="3" Enabled="off"/>
  <DeltaMarker Index="0" Enabled="off"/>
  <DeltaMarker Index="1" Enabled="off"/>
  <DeltaMarker Index="2" Enabled="off"/>
  <DeltaMarker Index="3" Enabled="off"/>
 </Screen>
 <Screen Index="1">
  <Active Value="On"/>
  <DisplayViewKey Value="B1"/>
  <MmiOperationMarker Value="0"/>
  <MmiOperationMarkerType Value="None"/>
  <NextPeakMode Value="Absolute"/>
  <MmiOperationtrace Value="0"/>
  <Signal Value="Modulation Accurracy"/>
  <ErrorMeasType Value="NONE"/>
  <Evaluation Value="Mod Accuracy"/>
  <AddEvaluation Value="Normal"/>
  <Magnitude Value="Relative"/>
  <PhaseWrap Value="On"/>
  <Frequency Value="Relative"/>
  <Eye Value="I"/>
  <IQ Value="CONSTELLATION"/>
  <StatisticsNofColumns Value="101"/>
  <SingleValue Value="All"/>
  <TraceReferenceType Value000="Off" Value001="Off" Value002="Off" Value003="On" Value004="On" Value005="On" Size="6"/>
  <MarkerModeRealImag Value="REAL"/>
  <SymbolMode Value="HEX"/>
  <ViewWidth Value="50"/>
  <ViewHeight Value="50"/>
  <ViewRemoteIdx Value="1"/>
  <ViewDataWindowKey Value="1"/>
  <MeasSettings Index="1">
   <Highlight Value="Off"/>
   <DisplayPPSMode Value="Auto"/>
   <DisplayPPS Value="4"/>
   <DisplayOversampling Value="Symbols only"/>
  </MeasSettings>
  <Axis Index="0">
   <Type Value="7"/>
   <Start Value="0"/>
   <Stop Value="384"/>
   <RefValue Value="0"/>
   <RefPosition Value="0"/>
   <Range Value="384"/>
   <Unit Value="COUNT_SYMB"/>
  </Axis>
  <Axis Index="1">
   <Type Value="8"/>
   <Start Value="-123.48"/>
   <Stop Value="-23.48"/>
   <RefValue Value="-23.48"/>
   <RefPosition Value="100"/>
   <Range Value="100"/>
   <Unit Value="LEVEL_DBM"/>
  </Axis>
  <Axis Index="2">
   <Type Value="5"/>
   <Start Value="-250"/>
   <Stop Value="250"/>
   <RefValue Value="250"/>
   <RefPosition Value="100"/>
   <Range Value="500"/>
   <Unit Value="ANGLE_DEG"/>
  </Axis>
  <Trace Index="0" Enabled="on">
   <DisplayMode Value="Clear Write"/>
   <State Value="Updating"/>
   <UpdateMode Value="Clear Write"/>
   <AverageMode Value="Logarithmic"/>
   <Hold Value="Off"/>
  </Trace>
  <Trace Index="1" Enabled="off"/>
  <Trace Index="2" Enabled="off"/>
  <Trace Index="3" Enabled="off"/>
  <Trace Index="4" Enabled="off"/>
  <Trace Index="5" Enabled="off"/>
  <Marker Index="0" Enabled="off"/>
  <Marker Index="1" Enabled="off"/>
  <Marker Index="2" Enabled="off"/>
  <Marker Index="3" Enabled="off"/>
  <DeltaMarker Index="0" Enabled="off"/>
  <DeltaMarker Index="1" Enabled="off"/>
  <DeltaMarker Index="2" Enabled="off"/>
  <DeltaMarker Index="3" Enabled="off"/>
 </Screen>
 <Screen Index="2">
  <Active Value="On"/>
  <DisplayViewKey Value="A2"/>
  <MmiOperationMarker Value="0"/>
  <MmiOperationMarkerType Value="None"/>
  <NextPeakMode Value="Absolute"/>
  <MmiOperationtrace Value="0"/>
  <Signal Value="Capture"/>
  <ErrorMeasType Value="NONE"/>
  <Evaluation Value="Magnitude"/>
  <AddEvaluation Value="Normal"/>
  <Magnitude Value="Relative"/>
  <PhaseWrap Value="On"/>
  <Frequency Value="Relative"/>
  <Eye Value="I"/>
  <IQ Value="CONSTELLATION"/>
  <StatisticsNofColumns Value="101"/>
  <SingleValue Value="All"/>
  <TraceReferenceType Value000="Off" Value001="Off" Value002="Off" Value003="On" Value004="On" Value005="On" Size="6"/>
  <MarkerModeRealImag Value="REAL"/>
  <SymbolMode Value="HEX"/>
  <ViewWidth Value="50"/>
  <ViewHeight Value="50"/>
  <ViewRemoteIdx Value="2"/>
  <ViewDataWindowKey Value="2"/>
  <MeasSettings Index="2">
   <Highlight Value="Off"/>
   <DisplayPPSMode Value="Auto"/>
   <DisplayPPS Value="4"/>
   <DisplayOversampling Value="Symbols only"/>
  </MeasSettings>
  <Axis Index="0">
   <Type Value="7"/>
   <Start Value="0"/>
   <Stop Value="20000"/>
   <RefValue Value="0"/>
   <RefPosition Value="0"/>
   <Range Value="20000"/>
   <Unit Value="COUNT_SYMB"/>
  </Axis>
  <Axis Index="1">
   <Type Value="8"/>
   <Start Value="-123.48"/>
   <Stop Value="-23.48"/>
   <RefValue Value="-23.48"/>
   <RefPosition Value="100"/>
   <Range Value="100"/>
   <Unit Value="LEVEL_DBM"/>
  </Axis>
  <Axis Index="2">
   <Type Value="5"/>
   <Start Value="-250"/>
   <Stop Value="250"/>
   <RefValue Value="250"/>
   <RefPosition Value="100"/>
   <Range Value="500"/>
   <Unit Value="ANGLE_DEG"/>
  </Axis>
  <Trace Index="0" Enabled="on">
   <DisplayMode Value="Clear Write"/>
   <State Value="Updating"/>
   <UpdateMode Value="Clear Write"/>
   <AverageMode Value="Logarithmic"/>
   <Hold Value="Off"/>
  </Trace>
  <Trace Index="1" Enabled="off"/>
  <Trace Index="2" Enabled="off"/>
  <Trace Index="3" Enabled="off"/>
  <Trace Index="4" Enabled="off"/>
  <Trace Index="5" Enabled="off"/>
  <Marker Index="0" Enabled="off"/>
  <Marker Index="1" Enabled="off"/>
  <Marker Index="2" Enabled="off"/>
  <Marker Index="3" Enabled="off"/>
  <DeltaMarker Index="0" Enabled="off"/>
  <DeltaMarker Index="1" Enabled="off"/>
  <DeltaMarker Index="2" Enabled="off"/>
  <DeltaMarker Index="3" Enabled="off"/>
 </Screen>
 <Screen Index="3">
  <Active Value="On"/>
  <DisplayViewKey Value="B2"/>
  <MmiOperationMarker Value="0"/>
  <MmiOperationMarkerType Value="None"/>
  <NextPeakMode Value="Absolute"/>
  <MmiOperationtrace Value="0"/>
  <Signal Value="Symbol table"/>
  <ErrorMeasType Value="NONE"/>
  <Evaluation Value="Symboltable"/>
  <AddEvaluation Value="Normal"/>
  <Magnitude Value="Relative"/>
  <PhaseWrap Value="On"/>
  <Frequency Value="Absolute"/>
  <Eye Value="I"/>
  <IQ Value="CONSTELLATION"/>
  <StatisticsNofColumns Value="101"/>
  <SingleValue Value="All"/>
  <TraceReferenceType Value000="Off" Value001="Off" Value002="Off" Value003="On" Value004="On" Value005="On" Size="6"/>
  <MarkerModeRealImag Value="REAL"/>
  <SymbolMode Value="HEX"/>
  <ViewWidth Value="50"/>
  <ViewHeight Value="50"/>
  <ViewRemoteIdx Value="3"/>
  <ViewDataWindowKey Value="3"/>
  <MeasSettings Index="3">
   <Highlight Value="Off"/>
   <DisplayPPSMode Value="Auto"/>
   <DisplayPPS Value="4"/>
   <DisplayOversampling Value="Symbols only"/>
  </MeasSettings>
  <Axis Index="0">
   <Type Value="7"/>
   <Start Value="0"/>
   <Stop Value="384"/>
   <RefValue Value="0"/>
   <RefPosition Value="0"/>
   <Range Value="384"/>
   <Unit Value="COUNT_SYMB"/>
  </Axis>
  <Axis Index="1">
   <Type Value="8"/>
   <Start Value="-123.48"/>
   <Stop Value="-23.48"/>
   <RefValue Value="-23.48"/>
   <RefPosition Value="100"/>
   <Range Value="100"/>
   <Unit Value="LEVEL_DBM"/>
  </Axis>
  <Axis Index="2">
   <Type Value="5"/>
   <Start Value="-250"/>
   <Stop Value="250"/>
   <RefValue Value="250"/>
   <RefPosition Value="100"/>
   <Range Value="500"/>
   <Unit Value="ANGLE_DEG"/>
  </Axis>
  <Trace Index="0" Enabled="on">
   <DisplayMode Value="Clear Write"/>
   <State Value="Updating"/>
   <UpdateMode Value="Clear Write"/>
   <AverageMode Value="Logarithmic"/>
   <Hold Value="Off"/>
  </Trace>
  <Trace Index="1" Enabled="off"/>
  <Trace Index="2" Enabled="off"/>
  <Trace Index="3" Enabled="off"/>
  <Trace Index="4" Enabled="off"/>
  <Trace Index="5" Enabled="off"/>
  <Marker Index="0" Enabled="off"/>
  <Marker Index="1" Enabled="off"/>
  <Marker Index="2" Enabled="off"/>
  <Marker Index="3" Enabled="off"/>
  <DeltaMarker Index="0" Enabled="off"/>
  <DeltaMarker Index="1" Enabled="off"/>
  <DeltaMarker Index="2" Enabled="off"/>
  <DeltaMarker Index="3" Enabled="off"/>
 </Screen>
 <LayoutString Value=""/>
 <StandardSettings>
  <Modulation>
   <SymbolRate Value="2000000"/>
   <Group Value="FSK"/>
   <Name Value="2FSK"/>
   <Mapping Value="NATURAL"/>
   <FSKRefDev Value="0.25"/>
   <FSKRefDevMode Value="Absolute"/>
   <UserMapping Value=""/>
  </Modulation>
  <FrameStructure>
   <SameAsDataSymbols Value="On"/>
   <Group Value="FSK"/>
   <Name Value="2FSK"/>
   <Mapping Value="NATURAL"/>
   <UserMapping Value=""/>
   <FrameStructureFileName Value=""/>
  </FrameStructure>
  <Demodulation>
   <RecordLengthAuto Value="Off"/>
   <RecordLength Value="20000"/>
   <RecordLengthInputUnit Value="FREQ_SEC"/>
   <ResultLength Value="384"/>
   <CaptOverSampling Value="4"/>
   <SidebandPos Value="Normal"/>
   <EstimationOv Value="4"/>
   <EstimationOvAuto Value="Auto"/>
   <BandwidthExtensionState Value="On"/>
   <OptimizationCriterion Value="Minimize RMS Error"/>
   <EvalRange>
    <Left Value="64"/>
    <Right Value="359.75"/>
    <LeftDisp Value="64"/>
    <RightDisp Value="359.75"/>
    <Auto Value="Off"/>
   </EvalRange>
  </Demodulation>
  <FilterSettings>
   <MeasFilterAuto Value="Auto"/>
   <MeasFilter Value="None"/>
   <MeasFilterState Value="Off"/>
   <MeasFilterAlphaBT Value="0.22"/>
   <TXFilter Value="GMSK"/>
   <TXFilterState Value="On"/>
   <TXFilterAlphaBT Value="0.5"/>
   <MeasFilterUserState Value="Off"/>
   <TXFilterUserState Value="Off"/>
   <MeasFilterUserName Value=""/>
   <MeasFilterUserPath Value=""/>
   <TXFilterUserName Value=""/>
   <TXFilterUserPath Value=""/>
  </FilterSettings>
  <Burst>
   <BurstedSignal Value="On"/>
   <BurstTolerance Value="4"/>
   <SearchState Value="On"/>
   <AutoBurstSearch Value="Auto"/>
   <MeasOnlyOnBurst Value="Off"/>
   <UsefulLength Value="72"/>
   <MinLength Value="80"/>
   <MaxLength Value="2120"/>
   <RunIn Value="4"/>
   <RunOut Value="4"/>
   <MinGapLength Value="1"/>
   <AutoConfigure Value="On"/>
  </Burst>
  <Patterns>
   <Patterns Value000="BT-LE-Sync" Size="1"/>
  </Patterns>
  <UsedPatterns>
   <Patterns Value000="BT-LE-Sync" Size="1"/>
  </UsedPatterns>
  <PatternSettings>
   <PatternedSignal Value="On"/>
   <PatternSearch Value="On"/>
   <AutoPatternSearch Value="Auto"/>
   <MeasOnlyOnPattern Value="Off"/>
   <PatternOffsetState Value="Off"/>
   <PatternOffset Value="16"/>
   <AutoConfigure Value="On"/>
   <CorrelationLevel Value="90"/>
   <FastSync Value="Off"/>
   <UseWaveformForSync Value="Auto"/>
   <FineSync Value="Detected Data"/>
   <FineSyncAuto Value="On"/>
   <SERLevel Value="10"/>
   <KnownDataState Value="Off"/>
   <KnownDataSource Value="XML File"/>
  </PatternSettings>
  <PRBS>
   <PRBSType Value="9"/>
   <GeneratorPolynomialAuto Value="On"/>
   <GeneratorPolynomialString Value="9; 4; 0"/>
   <NegateFeedbackPath Value="Off"/>
   <NegateFeedbackPathAuto Value="On"/>
   <PatternInPRBS Value="On"/>
   <PatternInPRBSAuto Value="On"/>
  </PRBS>
 </StandardSettings>
 <Checksum>7154c713ba50689262bc88b36ed82b11</Checksum>
</RS_VSA_STD_File>
