<RS_VSA_STD_File Timestamp="2018-04-05 20:32:02 UTC" >
 <Name>Bluetooth_5_LE_S8</Name>
 <Comment>GFSK 0.5, 1MHz szmbol rate, 250kHz Deviation</Comment>
 <VersionInfo Version="01.07" >
  <Instrument>
   <Type>FSV</Type>
   <Application>VSA</Application>
  </Instrument>
  <Dimensions>
   <NoOfScreens Value="4" />
   <NoOfAxes Value="3" />
   <NoOfTraces Value="6" />
   <NoOfMarkers Value="4" />
  </Dimensions>
 </VersionInfo>
 <Vsa>
  <MMIOperationScreen Value="3" />
  <MMIOperationFullScreen Value="Off" />
 </Vsa>
 <Normalization>
  <CompIQOffset Value="On" />
  <CompIQImbalance Value="Off" />
  <CompAmptDroop Value="On" />
  <RefDevCompensation Value="On" />
  <EvmCalc Value="Mean Ref Power" />
  <CarrierFrequencyDrift Value="Off" />
 </Normalization>
 <TraceFitting>
  <Reference Value="Pattern" />
  <Alignment Value="Left" />
  <FitOffset Value="-80" />
  <SymbolAtReference Value="80" />
 </TraceFitting>
 <Screen Index="0" >
  <Active Value="On" />
  <MmiOperationMarker Value="0" />
  <MmiOperationMarkerType Value="None" />
  <NextPeakMode Value="Absolute" />
  <MmiOperationtrace Value="0" />
  <Signal Value="Meas" />
  <ErrorMeasType Value="NONE" />
  <Evaluation Value="Frequency" />
  <AddEvaluation Value="Normal" />
  <Magnitude Value="Relative" />
  <PhaseWrap Value="On" />
  <Frequency Value="Absolute" />
  <Eye Value="I" />
  <IQ Value="CONSTELLATION" />
  <StatisticsNofColumns Value="101" />
  <TraceReferenceType Size="6" Value000="Off" Value001="On" Value002="Off" Value003="On" Value004="On" Value005="On" />
  <MarkerModeRealImag Value="REAL" />
  <SymbolMode Value="HEX" />
  <MeasSettings Index="0" >
   <Highlight Value="Off" />
   <DisplayPPSMode Value="Auto" />
   <DisplayPPS Value="4" />
  </MeasSettings>
  <Axis Index="0" >
   <Type Value="7" />
   <Start Value="0" />
   <Stop Value="3094" />
   <RefValue Value="0" />
   <RefPosition Value="0" />
   <Range Value="3094" />
   <Unit Value="COUNT_SYMB" />
  </Axis>
  <Axis Index="1" >
   <Type Value="9" />
   <Start Value="-1.5" />
   <Stop Value="1.5" />
   <RefValue Value="0" />
   <RefPosition Value="50" />
   <Range Value="3" />
   <Unit Value="FREQ_HZ" />
  </Axis>
  <Axis Index="2" >
   <Type Value="5" />
   <Start Value="-250" />
   <Stop Value="250" />
   <RefValue Value="250" />
   <RefPosition Value="100" />
   <Range Value="500" />
   <Unit Value="ANGLE_DEG" />
  </Axis>
  <Trace Enabled="on" Index="0" >
   <DisplayMode Value="Clear Write" />
   <State Value="Updating" />
   <UpdateMode Value="Clear Write" />
   <AverageMode Value="Logarithmic" />
   <Hold Value="Off" />
  </Trace>
  <Trace Enabled="off" Index="1" />
  <Trace Enabled="off" Index="2" />
  <Trace Enabled="off" Index="3" />
  <Trace Enabled="off" Index="4" />
  <Trace Enabled="off" Index="5" />
  <Marker Enabled="off" Index="0" />
  <Marker Enabled="off" Index="1" />
  <Marker Enabled="off" Index="2" />
  <Marker Enabled="off" Index="3" />
  <DeltaMarker Enabled="off" Index="0" />
  <DeltaMarker Enabled="off" Index="1" />
  <DeltaMarker Enabled="off" Index="2" />
  <DeltaMarker Enabled="off" Index="3" />
 </Screen>
 <Screen Index="1" >
  <Active Value="On" />
  <MmiOperationMarker Value="0" />
  <MmiOperationMarkerType Value="None" />
  <NextPeakMode Value="Absolute" />
  <MmiOperationtrace Value="0" />
  <Signal Value="Modulation Accurracy" />
  <ErrorMeasType Value="NONE" />
  <Evaluation Value="Mod Accuracy" />
  <AddEvaluation Value="Normal" />
  <Magnitude Value="Relative" />
  <PhaseWrap Value="On" />
  <Frequency Value="Relative" />
  <Eye Value="I" />
  <IQ Value="CONSTELLATION" />
  <StatisticsNofColumns Value="101" />
  <TraceReferenceType Size="6" Value000="Off" Value001="Off" Value002="Off" Value003="On" Value004="On" Value005="On" />
  <MarkerModeRealImag Value="REAL" />
  <SymbolMode Value="HEX" />
  <MeasSettings Index="1" >
   <Highlight Value="Off" />
   <DisplayPPSMode Value="Auto" />
   <DisplayPPS Value="4" />
  </MeasSettings>
  <Axis Index="0" >
   <Type Value="1" />
   <Start Value="0" />
   <Stop Value="6000000000" />
   <RefValue Value="6000000000" />
   <RefPosition Value="100" />
   <Range Value="6000000000" />
   <Unit Value="FREQ_HZ" />
  </Axis>
  <Axis Index="1" >
   <Type Value="3" />
   <Start Value="-120" />
   <Stop Value="-20" />
   <RefValue Value="-20" />
   <RefPosition Value="100" />
   <Range Value="100" />
   <Unit Value="LEVEL_DBM" />
  </Axis>
  <Axis Index="2" >
   <Type Value="5" />
   <Start Value="-250" />
   <Stop Value="250" />
   <RefValue Value="250" />
   <RefPosition Value="100" />
   <Range Value="500" />
   <Unit Value="ANGLE_DEG" />
  </Axis>
  <Trace Enabled="on" Index="0" >
   <DisplayMode Value="Clear Write" />
   <State Value="Updating" />
   <UpdateMode Value="Clear Write" />
   <AverageMode Value="Logarithmic" />
   <Hold Value="Off" />
  </Trace>
  <Trace Enabled="off" Index="1" />
  <Trace Enabled="off" Index="2" />
  <Trace Enabled="off" Index="3" />
  <Trace Enabled="off" Index="4" />
  <Trace Enabled="off" Index="5" />
  <Marker Enabled="off" Index="0" />
  <Marker Enabled="off" Index="1" />
  <Marker Enabled="off" Index="2" />
  <Marker Enabled="off" Index="3" />
  <DeltaMarker Enabled="off" Index="0" />
  <DeltaMarker Enabled="off" Index="1" />
  <DeltaMarker Enabled="off" Index="2" />
  <DeltaMarker Enabled="off" Index="3" />
 </Screen>
 <Screen Index="2" >
  <Active Value="On" />
  <MmiOperationMarker Value="0" />
  <MmiOperationMarkerType Value="None" />
  <NextPeakMode Value="Absolute" />
  <MmiOperationtrace Value="0" />
  <Signal Value="Capture" />
  <ErrorMeasType Value="NONE" />
  <Evaluation Value="Magnitude" />
  <AddEvaluation Value="Normal" />
  <Magnitude Value="Relative" />
  <PhaseWrap Value="On" />
  <Frequency Value="Relative" />
  <Eye Value="I" />
  <IQ Value="CONSTELLATION" />
  <StatisticsNofColumns Value="101" />
  <TraceReferenceType Size="6" Value000="Off" Value001="Off" Value002="Off" Value003="On" Value004="On" Value005="On" />
  <MarkerModeRealImag Value="REAL" />
  <SymbolMode Value="HEX" />
  <MeasSettings Index="2" >
   <Highlight Value="Off" />
   <DisplayPPSMode Value="Auto" />
   <DisplayPPS Value="4" />
  </MeasSettings>
  <Axis Index="0" >
   <Type Value="7" />
   <Start Value="0" />
   <Stop Value="10000" />
   <RefValue Value="0" />
   <RefPosition Value="0" />
   <Range Value="10000" />
   <Unit Value="COUNT_SYMB" />
  </Axis>
  <Axis Index="1" >
   <Type Value="8" />
   <Start Value="-117.5" />
   <Stop Value="-17.5" />
   <RefValue Value="-17.5" />
   <RefPosition Value="100" />
   <Range Value="100" />
   <Unit Value="LEVEL_DBM" />
  </Axis>
  <Axis Index="2" >
   <Type Value="5" />
   <Start Value="-250" />
   <Stop Value="250" />
   <RefValue Value="250" />
   <RefPosition Value="100" />
   <Range Value="500" />
   <Unit Value="ANGLE_DEG" />
  </Axis>
  <Trace Enabled="on" Index="0" >
   <DisplayMode Value="Clear Write" />
   <State Value="Updating" />
   <UpdateMode Value="Clear Write" />
   <AverageMode Value="Logarithmic" />
   <Hold Value="Off" />
  </Trace>
  <Trace Enabled="off" Index="1" />
  <Trace Enabled="off" Index="2" />
  <Trace Enabled="off" Index="3" />
  <Trace Enabled="off" Index="4" />
  <Trace Enabled="off" Index="5" />
  <Marker Enabled="off" Index="0" />
  <Marker Enabled="off" Index="1" />
  <Marker Enabled="off" Index="2" />
  <Marker Enabled="off" Index="3" />
  <DeltaMarker Enabled="off" Index="0" />
  <DeltaMarker Enabled="off" Index="1" />
  <DeltaMarker Enabled="off" Index="2" />
  <DeltaMarker Enabled="off" Index="3" />
 </Screen>
 <Screen Index="3" >
  <Active Value="On" />
  <MmiOperationMarker Value="0" />
  <MmiOperationMarkerType Value="None" />
  <NextPeakMode Value="Absolute" />
  <MmiOperationtrace Value="0" />
  <Signal Value="Symbol table" />
  <ErrorMeasType Value="NONE" />
  <Evaluation Value="Symboltable" />
  <AddEvaluation Value="Normal" />
  <Magnitude Value="Relative" />
  <PhaseWrap Value="On" />
  <Frequency Value="Absolute" />
  <Eye Value="I" />
  <IQ Value="CONSTELLATION" />
  <StatisticsNofColumns Value="101" />
  <TraceReferenceType Size="6" Value000="Off" Value001="Off" Value002="Off" Value003="On" Value004="On" Value005="On" />
  <MarkerModeRealImag Value="REAL" />
  <SymbolMode Value="HEX" />
  <MeasSettings Index="3" >
   <Highlight Value="Off" />
   <DisplayPPSMode Value="Auto" />
   <DisplayPPS Value="4" />
  </MeasSettings>
  <Axis Index="0" >
   <Type Value="7" />
   <Start Value="0" />
   <Stop Value="3094" />
   <RefValue Value="0" />
   <RefPosition Value="0" />
   <Range Value="3094" />
   <Unit Value="COUNT_SYMB" />
  </Axis>
  <Axis Index="1" >
   <Type Value="3" />
   <Start Value="-120" />
   <Stop Value="-20" />
   <RefValue Value="-20" />
   <RefPosition Value="100" />
   <Range Value="100" />
   <Unit Value="LEVEL_DBM" />
  </Axis>
  <Axis Index="2" >
   <Type Value="5" />
   <Start Value="-250" />
   <Stop Value="250" />
   <RefValue Value="250" />
   <RefPosition Value="100" />
   <Range Value="500" />
   <Unit Value="ANGLE_DEG" />
  </Axis>
  <Trace Enabled="on" Index="0" >
   <DisplayMode Value="Clear Write" />
   <State Value="Updating" />
   <UpdateMode Value="Clear Write" />
   <AverageMode Value="Logarithmic" />
   <Hold Value="Off" />
  </Trace>
  <Trace Enabled="off" Index="1" />
  <Trace Enabled="off" Index="2" />
  <Trace Enabled="off" Index="3" />
  <Trace Enabled="off" Index="4" />
  <Trace Enabled="off" Index="5" />
  <Marker Enabled="off" Index="0" />
  <Marker Enabled="off" Index="1" />
  <Marker Enabled="off" Index="2" />
  <Marker Enabled="off" Index="3" />
  <DeltaMarker Enabled="off" Index="0" />
  <DeltaMarker Enabled="off" Index="1" />
  <DeltaMarker Enabled="off" Index="2" />
  <DeltaMarker Enabled="off" Index="3" />
 </Screen>
 <StandardSettings>
  <Modulation>
   <SymbolRate Value="1000000" />
   <Group Value="FSK" />
   <Name Value="2FSK" />
   <Mapping Value="NATURAL" />
   <FSKRefDev Value="0.25" />
   <FSKRefDevMode Value="Absolute" />
  </Modulation>
  <Demodulation>
   <RecordLengthAuto Value="Off" />
   <RecordLength Value="10000" />
   <RecordLengthInputUnit Value="FREQ_SEC" />
   <ResultLength Value="3094" />
   <CaptOverSampling Value="4" />
   <SidebandPos Value="Normal" />
   <EstimationOv Value="4" />
   <EstimationOvAuto Value="Auto" />
   <BandwidthExtensionState Value="On" />
   <EvalRange>
    <Left Value="503" />
    <Right Value="2837" />
    <LeftDisp Value="503" />
    <RightDisp Value="2837" />
    <Auto Value="Off" />
   </EvalRange>
  </Demodulation>
  <FilterSettings>
   <MeasFilterAuto Value="Auto" />
   <MeasFilter Value="None" />
   <MeasFilterState Value="Off" />
   <MeasFilterAlphaBT Value="0.22" />
   <TXFilter Value="GMSK" />
   <TXFilterState Value="On" />
   <TXFilterAlphaBT Value="0.5" />
   <MeasFilterUserState Value="Off" />
   <TXFilterUserState Value="Off" />
   <MeasFilterUserName Value="" />
   <MeasFilterUserPath Value="" />
   <TXFilterUserName Value="" />
   <TXFilterUserPath Value="" />
  </FilterSettings>
  <Burst>
   <BurstedSignal Value="On" />
   <BurstTolerance Value="4" />
   <SearchState Value="On" />
   <AutoBurstSearch Value="Auto" />
   <MeasOnlyOnBurst Value="Off" />
   <UsefulLength Value="495" />
   <MinLength Value="503" />
   <MaxLength Value="15000" />
   <RunIn Value="4" />
   <RunOut Value="4" />
   <MinGapLength Value="1" />
   <AutoConfigure Value="On" />
  </Burst>
  <Patterns>
   <Patterns Size="1" Value000="BT-LE-coded-Sync" />
  </Patterns>
  <UsedPatterns>
   <Patterns Size="1" Value000="BT-LE-coded-Sync" />
  </UsedPatterns>
  <PatternSettings>
   <PatternedSignal Value="On" />
   <PatternSearch Value="On" />
   <AutoPatternSearch Value="Auto" />
   <MeasOnlyOnPattern Value="Off" />
   <PatternOffsetState Value="Off" />
   <PatternOffset Value="0" />
   <AutoConfigure Value="On" />
   <CorrelationLevel Value="90" />
   <FastSync Value="Off" />
   <UseWaveformForSync Value="Auto" />
   <FineSync Value="DETECTED" />
   <FineSyncAuto Value="On" />
   <SERLevel Value="10" />
  </PatternSettings>
 </StandardSettings>
 <Checksum>6a7850f384b73a7ba8c82619e1a39a93</Checksum>
</RS_VSA_STD_File>
